code,url,name
669,/equities/techtronic-ind,Techtronic Industries
2313,/equities/shenzhou-intl,Shenzhou Int
2607,/equities/sh-pharma,Shanghai Pharma Holding
1033,/equities/sinopec-oilfield-service-corp,Sinopec Oilfield Service Corp
966,/equities/china-taiping,China Taiping Insurance
1071,/equities/huadian-power-hk,Huadian Power Int
1193,/equities/china-res-gas,China Resources Gas
3799,/equities/dali-foods-group-co-ltd,Dali Foods Co
1913,/equities/prada-spa,Prada SpA
2196,/equities/fosun-pharma,Shanghai Fosun Pharmaceutical
392,/equities/beijing-ent,Beijing Enterprises Holdings
3898,/equities/csr-times-elec,Zhuzhou CRRC
916,/equities/china-longyuan,China Longyuan Power
144,/equities/china-mer-hold,China Mer Hold
991,/equities/datang-international-power,Datang Intl Power
1929,/equities/chow-tai-fook,Chow Tai Fook Jewellery Group
607,/equities/fullshare-holdings-ltd,Fullshare Holdings Ltd
177,/equities/jiangsu-expres,Jiangsu Expressway
2883,/equities/china-oilfield,China Oilfield Services
1919,/equities/china-cosco-holdings,China Cosco Holdings
1171,/equities/yanzhou-coal-mining,Yanzhou Coal Mining
551,/equities/yue-yuen-ind,Yue Yuen Ind
1958,/equities/baic-motor-corp-ltd,BAIC Motor Corp Ltd
2319,/equities/china-mengniu-dairy-co.,China Mengniu Dairy
836,/equities/china-res-power,China Resources Power
3606,/equities/fuyao-glass-industry-group,Fuyao Glass Industry Group
2066,/equities/shengjing-bank-co-ltd,Shengjing Bank
175,/equities/geely-auto,Geely Automobile
659,/equities/nws-holdings,NWS Holdings Ltd
135,/equities/kunlun-energy-co-ltd,Kunlun Energy
992,/equities/lenovo-group-ltd,Lenovo Group
2208,/equities/goldwind,Xinjiang Goldwind
2020,/equities/anta-sports,ANTA Sports Products
2009,/equities/bbmg,BBMG Corp
358,/equities/jiangxi-copper,Jiangxi Copper
1378,/equities/chinahongqiao,China Hongqiao
6808,/equities/sunart-retail,Sun Art Retail
2688,/equities/enn-energy,ENN Energy
3969,/equities/china-railway-signal-communication,China Railway Signal Communication
293,/equities/cathay-pac-air,Cathay Pac Air
3396,/equities/legend-holdings-corp,Legend Holdings Corp
241,/equities/alibaba-health-info-tech-ltd,Alibaba Health Information Tech
1114,/equities/brilliance-chi,Brilliance China Automotive
2282,/equities/mgm-china,MGM China Holdings
2866,/equities/china-shipping-container-lines,China Shipping Container
696,/equities/travelsky-tech,TravelSky Technology
1578,/equities/bank-of-tianjin-co-ltd,Bank of Tianjin
257,/equities/china-everbright-intl-ltd,China Eb Int\'L
168,/equities/tsingtao-brewery,Tsingtao Brew
371,/equities/bj-ent-water,Beijing Enterprises Water
941,/equities/china-mobile,China Mobile
1398,/equities/icbc,ICBC
700,/equities/tencent-holdings-hk,Tencent Holdings
857,/equities/petrochina,Petrochina
939,/equities/ccb,China Construction Bank
1288,/equities/agricultural-bank-of-china,Agricultural Bank Of China
3988,/equities/bank-of-china-ss,Bank of China
5,/equities/hsbc-holdings,HSBC Holdings
386,/equities/sinopec-corp-ss,China Petrol &amp; Chemical
2318,/equities/ping-an,Ping An Insurance
2628,/equities/china-life,China Life Insurance
1299,/equities/aia-group,AIA Group
3968,/equities/china-merchants-bank,China Merchants Bank
3328,/equities/bankcomm,Bank of Communications
883,/equities/cnooc,CNOOC
1988,/equities/china-minsheng-banking,China Minsheng Banking
998,/equities/citic-bank,China Citic Bank
267,/equities/citic-pacific,Citic Pacific
1088,/equities/china-shenhua-ss,China Shenhua Energy
2202,/equities/china-vanke,China Vanke Co
728,/equities/china-telecom,China Telecom
1,/equities/cheung-kong,CK Hutchison
16,/equities/shk-ppt,SHK Ppt
1766,/equities/csr-(hk),CRRC Corp
2601,/equities/china-pacific-insurance,China Pacific Insurance
11,/equities/hang-seng-bank,Hang Seng Bank
688,/equities/china-overseas,China Overseas
2388,/equities/boc-hong-kong,BOC Hong Kong
6030,/equities/citic-sec,CITIC Securities
3699,/equities/dalian-wanda-commercial-prop,Dalian Wandammercial Properties
66,/equities/mtr-corporation,MTR Corporation
388,/equities/hkex,HKEX
6818,/equities/ceb-bank,China Everbright Bank
1800,/equities/china-communications-cons.,China Communications
1113,/equities/cheung-kong-property-holdings-ltd,Cheung Kong Property Holdings Ltd
1928,/equities/sands-china-ltd,Sands China
2,/equities/clp-holdings,CLP Holdings
6837,/equities/haitong-sec,Haitong Securities
2328,/equities/picc-property---casualty,PICC Property &amp; Casualty
762,/equities/china-unicom,China Unicom Hong Kong
390,/equities/china-railway-group,China Railway
1038,/equities/cki-holdings,CKI Holdings
3,/equities/hk---china-gas,HK &amp; China Gas
1211,/equities/byd-co.,BYD Co Ltd-H
6886,/equities/huatai-securities-co-ltd,Huatai Securities Co Ltd
566,/equities/hanergy-solar,Hanergy TFP
12,/equities/henderson-land,Henderson Land
1776,/equities/gf-securities-co-ltd,GF Securities Co Ltd
6,/equities/power-assets,Power Assets
1186,/equities/china-railway-construction,China Railway
1336,/equities/nci-(hk),New China Life Insurance
2238,/equities/gac-group,Guangzhou Automobile Group
4,/equities/wharf-holdings,Wharf Holdings
1339,/equities/picc-group,People\xa1\xafs Insurance Group China
87,/equities/swire-pacific,Swire Pacific
1972,/equities/swire-properties-close-only,Swire Properties
1109,/equities/china-resources-land,China Resources Land
19,/equities/swire-pacific-a,Swire Pacific A
823,/equities/link-reit,Link Reit
2799,/equities/china-huarong-asset-management,China Huarong Asset Management
902,/equities/huaneng-power-international,Huaneng Power
1816,/equities/cgn-power-co-ltd,CGN Power Co Ltd
1099,/equities/sinopharm,Sinopharm Group Co
2727,/equities/sh-electric,Shanghai Electric
914,/equities/anhui-conch-cement,Anhui Conch Cement
753,/equities/air-china,Air China Ltd
2333,/equities/greatwall-moto,Great Wall Motor
670,/equities/china-east-air,China Eastern Airlines
1359,/equities/china-cinda,China Cinda Asset Management
27,/equities/galaxy-ent,Galaxy Entertainment Group
2018,/equities/aac-tech,AAC Technologies
656,/equities/fosun-intl,Fosun International
288,/equities/wh-group,WH Group Ltd
6823,/equities/hkt-trust,HKT Trust
20,/equities/wheelock,Wheelock and Co
1618,/equities/mcc,Metallurgical Corp China
2899,/equities/zijin-mining-group,Zijin Mining Group
1055,/equities/china-south-ai,China Southern Airlines
1044,/equities/hengan-intl,Hengan Intl Group
23,/equities/bank-of-e-asia,Bank Of E Asia
83,/equities/sino-land,Sino Land
1508,/equities/china-reinsurance-group-corp,China Reinsurance
3333,/equities/evergrande,Evergrande Real Estate
1898,/equities/china-coal-energy,China Coal Energy
489,/equities/dongfeng-motor-group,Dongfeng Group
2007,/equities/country-garden,Country Garden Holdings
17,/equities/new-world-dev,New World Dev
270,/equities/guangdong-inv,Guangdong Investment
6881,/equities/cgs,China Galaxy Securities
101,/equities/hang-lung-ppt,Hang Lung Ppt
338,/equities/s-sh-pechem,Sinopec Shanghai
2016,/equities/china-zheshang-bank-co-ltd,China Zheshang Bank
3993,/equities/cmoc,China Molybdenum Luoyang
960,/equities/longfor-ppt,Longfor Properties
763,/equities/zte-corp.,ZTE Corp-H
151,/equities/want-want-china-holdings,Want Want China
1128,/equities/wynn-macau,Wynn Macau Ltd
384,/equities/china-gas-holdings,China Gas Hold
2638,/equities/hk-electric-investments-ltd,HK Electric Investments Ltd
2600,/equities/aluminium-corp-of-china,Aluminum Corp of China
3311,/equities/china-state-co,China Statenstruction Int
2098,/equities/zall-dev,Zall Group
1093,/equities/cspc-pharma,CSPC Pharma
291,/equities/china-resources,China Resources Beer Holdings
2338,/equities/weichai-power,Weichai Power Co
3618,/equities/cqrc-bank,Chongqing Ruralmmercial Bank
694,/equities/beijing-airpor,Beijing Capital Int Airport
530,/equities/goldin-fin-hol,Goldin Financial
6863,/equities/huishan-dairy,China Huishan Dairy
1060,/equities/alibaba-pictures-group-ltd,Alibaba Pictures
3698,/equities/huishang-bank,Huishang Bank Corp
2382,/equities/sunny-optical-hk,Sunny Optical Tech
1177,/equities/sino-biopharm,Sino Biopharmaceutical
322,/equities/tingyi-(cayman-islands)-holding,Tingyi
14,/equities/hysan-dev,Hysan Development
8,/equities/pccw,PCCW
2777,/equities/guangzhou-r-f-properties,Guangzhou R&amp;F Properties
1169,/equities/haier-elec,Haier Electronics
1880,/equities/belle-international-holdings,Belle International
2039,/equities/cimc,CIMC Group Co Ltd
416,/equities/bank-of-jinzhou-co-ltd,Bank of Jinzhou
576,/equities/zhejiangexpres,Zhejiang Expressway
347,/equities/angang-steel,Angang Steel
813,/equities/shimao-propert,Shimao Property
874,/equities/guangzhou-baiyunshan-pharma,Guangzhou Baiyunshan Pharma
3996,/equities/china-energy-engineering-corp-ltd,China Energy Engineering
317,/equities/guangzhou-shipyard-inter-ltd,CSSC Offshore &amp; Marine Engineering
1157,/equities/zoomlion-heavy-industry,Zoomlion Heavy Industry
10,/equities/hang-lung-group-ltd,Hang Lung
2357,/equities/avichina,AviChina Industry &amp; Tech
525,/equities/guangshen-rail,Guangshen Railway
494,/equities/li---fung,Li &amp; Fung
683,/equities/kerry-ppt,Kerry Properties
981,/equities/smic,SMIC
2386,/equities/sinopec-seg,SINOPEC Engineering
867,/equities/cms,China Medical System
2880,/equities/dalian-port-hk,Dalian Port PDA Co
69,/equities/shangri-la-asi,Shangri-La Asia
425,/equities/minth-group,Minth Group Ltd
880,/equities/sjm-hld,SJM Holdings Ltd
552,/equities/chinacomservic,China Communications Services
958,/equities/hn-renewables,Huaneng Renewables
1619,/equities/tianhe-chem,Tianhe Chemicals Group
1528,/equities/red-star-macalline-group-corp-ltd,Red Star Macalline Group Corp Ltd
2689,/equities/nine-dragons-paper,Nine Dragons
6196,/equities/bank-of-zhengzhou-co-ltd,Bank of Zhengzhou Co
2314,/equities/lee---man-pape,Lee &amp; Man Paper Manufacturing
2778,/equities/champion-reit,Champion Reit
165,/equities/china-eb-ltd,China Everbright
604,/equities/shenzhen-inves,Shenzhen Investment
586,/equities/conch-venture,China Conch Venture
1138,/equities/china-shipping-development,China Shipping
3908,/equities/china-international-capital-corp-lt,China International Capital Corp Lt
665,/equities/haitong-international,Haitong Int Securities
3377,/equities/sino-ocean-lan,Sino-Ocean
3360,/equities/fe-horizon,Far East Horizon
1072,/equities/dongfang-elec,Dongfang Electric
868,/equities/xinyi-glass,Xinyi Glass
1818,/equities/zhaojin-mining,Zhaojin Mining Industry
817,/equities/franshion-ppt,China Jinmao Holdings Group
220,/equities/u-presid-china,Uni-President China
283,/equities/goldin-ppt,Goldin Properties
142,/equities/first-pacific,First Pacific Co
522,/equities/asm-pacific,ASM Pacific Technology
6138,/equities/harbin-bank,Harbin Bank Co
41,/equities/great-eagle-h,Great Eagle
2380,/equities/china-power,China Power Int Develop
54,/equities/hopewell-hold,Hopewell Holdings
323,/equities/maanshan-iron,Maanshan Iron &amp; Steel
152,/equities/shenzhenint-ne,Shenzhen Int Hlds
1199,/equities/cosco-pacific,COSCO Pacific
245,/equities/china-minsheng-financial-holding,China Minsheng Financial Holding
410,/equities/soho-china,Soho China Ltd
136,/equities/mascotte-holdings-ltd,HengTen Networks
1999,/equities/man-wah-hldgs,Man Wah Holdings
933,/equities/brightoil,Brightoil Petroleum
1066,/equities/weigao-group,Shandong Weigao Medical Polymer
303,/equities/vtech-holdings,VTech
1882,/equities/haitian-intl,Haitian Int
363,/equities/shanghai-ind-h,Shanghai Industrial
3800,/equities/gcl-poly-energ,GCL-Poly Energy
1076,/equities/imperial-pacific-inter-holding,Imperial Pacific Int
968,/equities/xinyi-solar,Xinyi Solar
691,/equities/shanshui-cemen,China Shanshui Cement
2038,/equities/foxconn-intl-hldg,FIH Mobile Ltd
1513,/equities/livzon-pharma,Livzon Pharma
2356,/equities/dahsing-bankin,Dah Sing Banking
1333,/equities/china-zhongwan,China Zhongwang
493,/equities/gome-electrical,GOME
1829,/equities/cmec,China Machinery Engineering
1313,/equities/chinares-cemen,China Resources Cement
548,/equities/shenzhen-expressway-co-ltd,Shenzhen Expressway
1788,/equities/guotai-junan-i,Guotai Junan Int
3323,/equities/china-national-building-material,China Building Ma
1963,/equities/bcq,Bank of Chongqing
1212,/equities/lifestyle-int,Lifestyle Int
3866,/equities/bank-of-qingdao-co-ltd,Bank of Qingdao Co
1918,/equities/sunac,Sunac China
1316,/equities/nexteer-automotive-group-ltd,Nexteer Automotive Group Ltd
1530,/equities/3sbio,3SBio
87001,/equities/hui-xian-reit,Hui Xian Reit
3888,/equities/kingsoft,Kingsoft Corp Ltd
3380,/equities/logan-ppt,Logan Property Co
3383,/equities/agile-property,Agile Group
8279,/equities/agtech-holding,AGTech
636,/equities/kerry-log-net,Kerry Logistics Network
148,/equities/kingboard-chemical-holdings-ltd,Kingboard Chem
816,/equities/huadian-fuxin,Huadian Fuxin Energy
207,/equities/joy-city-property-ltd,Joy City Property Ltd
1888,/equities/kb-laminates,Kingboard Laminates
1833,/equities/intime,Intime Retail Co
579,/equities/jncec,Beijing Jingneng Clean Energy
2186,/equities/luye-pharma,Luye Pharma Group
460,/equities/sihuan-pharm,Sihuan Pharma
440,/equities/dah-sing,Dah Sing Financial
8207,/equities/credit-china,Credit China
316,/equities/ooil,Orient Overseas Int
1282,/equities/china-goldjoy-group-ltd,China Goldjoy
699,/equities/car-inc,CAR Inc
272,/equities/shui-on-land,Shui On Land Ltd
400,/equities/cogobuy-group,Cogobuy Group
751,/equities/skyworthdigita,Skyworth Digital
3331,/equities/vinda-intl,Vinda Int Holdings
598,/equities/sinotrans,Sinotrans Ltd
179,/equities/johnson-elec-h,Johnson Electric
3308,/equities/golden-eagle,Golden Eagle Retail
754,/equities/hopson-dev-hol,Hopson Development
1813,/equities/kwg-property,KWG Property
341,/equities/cafe-de-coral-holdings-ltd,Cafe De Coral Holdings Ltd
996,/equities/carnival-group,Carnival Group Int
1666,/equities/tong-ren-tang,Tong Ren Tang Tech
439,/equities/kuangchi-science-ltd,Kuangchi Science Ltd
1970,/equities/imax-china-holding-inc,IMAX China
606,/equities/china-agri,China Agri-Industries
1382,/equities/pacifictextile,Pacific Textiles
570,/equities/trad-chi-med,China Traditional Chinese Medicine
1363,/equities/cteg,CT Environmental
315,/equities/smartone-tele,SmarTone Telecom
1027,/equities/china-jicheng-holdings-ltd,China Jicheng Holdings Ltd
884,/equities/cifi-hold-gp,CIFI Group Co
107,/equities/sichuan-expres-hk,Sichuan Expressway
1112,/equities/biostime,Biostime Int
2128,/equities/china-lesso,China Lesso Group
123,/equities/yuexiu-propert,Yuexiu Property Co
200,/equities/melco-intl-de,Melco Int Development
405,/equities/yuexiu-reit,Yuexiu Reit
1668,/equities/chinasouthcity,China South City
3813,/equities/pou-sheng-international,Pou Sheng International Holdings
680,/equities/nan-hai-corporation-ltd,Nan Haioration
806,/equities/value-partners,Value Partners
215,/equities/hutchtel-hk,Hutchison Telecom
3900,/equities/greentown-chin,Greentown China
285,/equities/byd-electronic,BYD Electronic Int
931,/equities/china-lng-group-ltd,China LNG Group Ltd
777,/equities/netdragon,NetDragon Websoft
715,/equities/hutch-harb-rin,China Oceanwide
308,/equities/china-travel-h,China Travel Int
737,/equities/hopewell-infr,Hopewell Highway Infrastructure
330,/equities/esprit-holdings,Esprit Holdings
1308,/equities/sitc,SITC Int
1083,/equities/towngas-china,Towngas China Co
2329,/equities/guorui-properties-ltd,Guorui Properties
511,/equities/tvb,Television Broadcasts
732,/equities/truly-intl,Truly Int
881,/equities/zhongsheng-hld,Zhongsheng
173,/equities/k.-wah-intl,K Wah Int
1375,/equities/cc-securities,Central China Securities
846,/equities/mingfa-group,Mingfa Group Int
2199,/equities/regina-miracle-international,Regina Miracle Intl
1432,/equities/china-shengmu,China Shengmu Organic Milk
590,/equities/luk-fook-hold,Luk Fook Holdings Int
1111,/equities/chong-hing-ban,Chong Hing Bank
658,/equities/c-transmission,China High Speed Transmission Equip
3808,/equities/sinotruk,Sinotruk Hong Kong
1293,/equities/baoxin-auto,Baoxin Auto Group
1448,/equities/fu-shou-yuan,Fu Shou Yuan Int
86,/equities/sun-hung-kai-c,Sun Hung Kai &amp; Co
1208,/equities/mmg,MMG Ltd
2678,/equities/texhong-textil,Texhong Textile
2299,/equities/billion-ind,Billion Industrial Holdings
2868,/equities/beijing-capital-land-ltd,Beijing Capital Land
564,/equities/zmj,Zhengzhou Coal Mining Machinery
729,/equities/sinopolybatter,FDG Electric Vehicles
940,/equities/c-animal-health,China Animal Healthcare
934,/equities/sinopec-kanton,Sinopec Kantons
116,/equities/chow-sang-sang,Chow Sang Sang Int
708,/equities/evergrande-health-industry,Evergrande Health Industry
1476,/equities/hengtai-securities-co-ltd,Hengtai Securities Co
1622,/equities/redco-ppt,Redco Properties
1883,/equities/citic-telecom,CITIC Telecom Int
95,/equities/lvgem-china-re-investment,LVGEM China Real Estate
51,/equities/harbour-centre-development-ltd,Harbour Centre Development
3886,/equities/town-health-inter-medical-ltd,Town Health Medical Group
1628,/equities/yuzhou-ppt,Yuzhou Properties
1387,/equities/renhe-comm,Renhemmercial
1515,/equities/phoenixhealth,Phoenix Healthcare
178,/equities/sa-sa-intl,Sa Sa Int
1368,/equities/xtep-int\'l,Xtep International
3818,/equities/china-dongxian,China Dongxiang Co
1310,/equities/hkbn-ltd,HKBN Ltd
2666,/equities/universal-medical-financial-tech,Universal Medical Financial
698,/equities/tongda-group-holdings-ltd,Tongda Group Holdings Ltd
2331,/equities/li-ning,Li Ning Co Ltd
2008,/equities/phoenix-tv,Phoenix Satellite Television
198,/equities/smi-holdings-group-ltd,SMI Holdings Group Ltd
1052,/equities/yuexiutranspor,Yuexiu Transport Infrastructure
976,/equities/chiho-tiande-group-ltd,Chiho-Tiande
336,/equities/huabao-intl,Huabao International Holdings
2618,/equities/tcl-comm,TCL Communication Tech
506,/equities/china-foods,China Foods Ltd
321,/equities/texwinca-hold,Texwinca Holdings
8138,/equities/tongrentangcm,Beijing Tong Ren Tang Medicine
563,/equities/sh-ind-urban,Shanghai Industrial Urban Develop
1230,/equities/yashili-intl,Yashili Int Holdings
34,/equities/kowloon-dev,Kowloon Develop
119,/equities/poly-property,Poly Property Group
1347,/equities/hua-hong-semiconductor-ltd,Hua Hong Semiconductor Ltd
451,/equities/gcl-new-energy-holdings-ltd,GCL New Energy Holdings Ltd
3639,/equities/yida-china,Yida China
2369,/equities/coolpad-group,Coolpad Group Ltd
1638,/equities/kaisa-group,Kaisa Holdings
268,/equities/kingdee-intl,Kingdee Int Software
1238,/equities/powerlong,Powerlong Real Estate
2869,/equities/greentown-service-group-co-ltd,Greentown Service
1456,/equities/guolian-securities,Guolian Securities Co
242,/equities/shun-tak-hold,Shun Tak
535,/equities/gemdale-ppt,Gemdale Properties &amp; Investment
435,/equities/sunlight-reit,Sunlight Reit
1030,/equities/future-land,Future Land Development
3382,/equities/tianjinport-de,Tianjin Port Development
861,/equities/digital-china,Digital China
3983,/equities/china-bluechem,China BlueChemical
256,/equities/citychamp-watch-jewellery,Citychamp Watch Jewellery
2393,/equities/yestar-international-holdings-co,Yestar International Holdings Co
1115,/equities/tibet-5100,Tibet Water Resources
2383,/equities/tom-group,TOM Group Ltd
354,/equities/chinasoft-international-ltd,ChinaSoft International Ltd
639,/equities/shougang-res,Shougang Fushan Resources
1886,/equities/huiyuan-juice,China Huiyuan Juice
855,/equities/china-water-affairs-group-ltd,China Water Affairs Group Ltd
1768,/equities/sateri,Bracell Ltd
8008,/equities/sunevision,SUNeVision
1070,/equities/tcl-multimedia,TCL Multimedia Tech
1893,/equities/sinoma,China National Materials
1136,/equities/tcc-intl-hold,TCC Int
1381,/equities/canvest-environ-protection-gr,Canvest Environmental Protection
2005,/equities/lijun-intl,SSY Group
1680,/equities/macau-legend,Macau Legend Development
297,/equities/sinofert,Sinofert Holdings
845,/equities/glorious-ppt-h,Glorious Property
3836,/equities/harmony-auto,China Harmony New Energy Auto
8058,/equities/luoxin-pharma,Shandong Luoxin Pharmacy
67,/equities/lumena-newmat,China Lumena New Materials
337,/equities/greenland-hk,Greenland Hong Kong Holdings
327,/equities/pax-global-technology-ltd,PAX Global Technology
775,/equities/cklife-science,CK Life Sciences
8032,/equities/viva-china,Viva China
1117,/equities/ch-modern-d,China Modern Dairy
2877,/equities/shineway-pharm,China Shineway Pharma
1881,/equities/regal-reit,Regal REIT
1728,/equities/zhengtongauto,China ZhengTong Auto Services
1828,/equities/dch-holdings,Dah Chong Hong
1205,/equities/citic-resource,CITIC Resources
993,/equities/simsen-international-corp-ltd,Huarong Int
978,/equities/chi-mer-land,China Merchants Land
709,/equities/giordano-intl,Giordano Int
1636,/equities/china-metal-resources-utilization,China Metal Resources Utilization
1777,/equities/fantasia,Fantasia Holdings Group
853,/equities/microport,MicroPort Scientific
2255,/equities/haichang-hldg,Haichang
163,/equities/emperor-intl,Emperor Int
3998,/equities/bosideng,Bosideng Int Holdings
546,/equities/fufeng-group,Fufeng Group Ltd
3899,/equities/cimc-enric,CIMC Enric Holdings
1600,/equities/tian-lun-gas,China Tian Lun Gas
819,/equities/tianneng-power,Tianneng Power Int
787,/equities/global-brands-hk,Global Brands
1778,/equities/colour-life-services-group-ltd,Colour Life Services
721,/equities/china-financial-international,China Financial International Invest
419,/equities/china-jiuhao-health-industry-corp,Huayi Tencent
547,/equities/digital-domain-holdings-ltd,Digital Domain Holdings
2298,/equities/cosmo-lady,Cosmo Lady China
1302,/equities/lifetech-scientific-corp,LifeTech Scientific Corp
1122,/equities/qingling-motors-group-co-ltd,Qingling Motors
35,/equities/far-east-consortium-inter-ltd,Far East Consortium Int
1980,/equities/tian-ge-interactive-holdin-ltd,Tian Ge Interactive
1966,/equities/china-sce-ppt,China SCE Property
517,/equities/cosco-intl-hol,COSCO Int
1233,/equities/times-ppt,Times Property
2168,/equities/yingde-gases,Yingde Gases Group
735,/equities/c-p-new-energy,China Power New Energy Develop
1234,/equities/china-lilang,China Lilang Ltd
295,/equities/kong-sun-holdings-ltd,Kong Sun Holdings Ltd
1968,/equities/peak-sport,Peak Sport Products
2669,/equities/china-overseas-property-holdings,China Overseas Property Holdings
378,/equities/fdg-kinetic-ltd,FDG Kinetic
81,/equities/ch-ovs-g-ocean,China Overseas Grand Oceans
1224,/equities/c-c-land,C C Land Holdings
951,/equities/chaowei-power-holdings-ltd,Chaowei Power Holdings
1811,/equities/cgn-meiya-power-holding-co-ltd,CGN New Energy
468,/equities/gapack,Greatview Aseptic Packaging
1045,/equities/apt-satellite,APT Satellite
1028,/equities/c.banner-international-holdings-ltd,C.banner Intl
3709,/equities/koradior-holdings-ltd,Koradior Holdings
1361,/equities/361-degrees,361 Degrees Int
1848,/equities/china-aircraft-leasing-group-hold,China Aircraft Leasing Group Hold
8158,/equities/china-bio-med,China Regenerative Medicine
3339,/equities/lonking,Lonking Holdings
1366,/equities/jiangnan-group-ltd,Jiangnan Group Ltd
6166,/equities/china-vast-industrial-urban-develop,China VAST Industrial Urban Develop
1188,/equities/hybrid-kinetic-group-ltd,Hybrid Kinetic
1819,/equities/fuguiniao-co-ltd,Fuguiniao Co Ltd
2280,/equities/hc-international-inc,HC International
52,/equities/fairwood-holdings-ltd,Fairwood Holdings Ltd
1098,/equities/road-king-infr,Road King Infrastructure
1165,/equities/sfce,Shunfeng Clean Energy
808,/equities/prosperity-reit,Prosperity REIT
8078,/equities/china-3d-digital-entertainment-ltd,China 3D Digital Entertainment Ltd
1133,/equities/harbin-electric-comp.,Harbin Electric
3393,/equities/wasion-group-holdings-ltd,Wasion Group
963,/equities/bloomage-biote,Bloomage Biotech
3933,/equities/united-lab,United Laboratories Int
8265,/equities/powerwell-pacific-holdings-ltd,Powerwell Pacific Holdings Ltd
3883,/equities/china-aoyuan-property-group-ltd,China Aoyuan Property
273,/equities/mason-financial-holdings,Mason Financial Holdings
368,/equities/sinotrans-ship,Sinotrans Shipping
521,/equities/hna-holding-group-co-ltd,HNA Holding
2233,/equities/westchinacemen,West China Cement
967,/equities/sound-global-ltd,Sound Global Ltd
2686,/equities/aag-energy-holdings-ltd,AAG Energy Holdings Ltd
8005,/equities/yuxing-infotec,Yuxing InfoTech Invest
2348,/equities/dawnrays-pharma-holdings-ltd,Dawnrays Pharma Holdings
1219,/equities/tenwow-international,Tenwow Int
2200,/equities/hosa-international-ltd,Hosa International Ltd
1681,/equities/consun-pharma,Consun Pharma
182,/equities/china-windpower-group-ltd,Concord New Energy
194,/equities/liu-chong-hing,Liu Chong Hing Investment
3903,/equities/hanhua-fin,Hanhua Financial
85,/equities/china-electronics-corporation-hold,China Electronics Corporation Hold
217,/equities/china-chengtong-development,China Chengtong Development
8137,/equities/honbridge,Honbridge
1428,/equities/bright-smart-securities-commodities,Bright Smart Securities &amp; Commodities
8021,/equities/wls-holdings-ltd,WLS Holdings
382,/equities/welling-holdin,Welling Holding
832,/equities/central-china,Central China Real Estate
1579,/equities/yihai-international-holding-ltd,Yihai Intl
3389,/equities/hengdeli,Hengdeli Holdings
1297,/equities/sinosoft-technology-group-ltd,Sinosoft Technology
1321,/equities/china-new-city-commercial-develop,China New City Commercial Develop
882,/equities/tianjin-dev,Tianjin Develop
848,/equities/maoye-intl,Maoye Int Holdings
8057,/equities/madison-wine-holdings-ltd,Madison Wine
1004,/equities/rising-development-holding-ltd,China Smarter Energy
520,/equities/xiabuxiabu-catering-managem,Xiabuxiabu Catering Management
1661,/equities/wisdom-group,Wisdom Sports Group
1426,/equities/spring-reit,Spring Reit
1369,/equities/wuzhou-international,Wuzhou Int
1051,/equities/g-resources,G-Resources Group
169,/equities/wanda-hotel-de,Wanda Hotel Develop
1253,/equities/broad-greenstate-international,Broad Greenstate International Co
404,/equities/hsin-chong-construction-group,Hsin Chong Group
1236,/equities/national-agricultural-holdings-ltd,National Agricultural Holdings Ltd
631,/equities/sany-int\'l,Sany Heavy Equipment Int
950,/equities/lees-pharmaceutical-hold-ltd,Lee\xa1\xafs Pharma
818,/equities/hi-sun-tech,Hi Sun Technology China
8167,/equities/neo-telemedia,Neo Telemedia Ltd
2343,/equities/pacific-basin,Pacific Basin Shipping
903,/equities/tpv-technology,TPV Technology
6136,/equities/kangda-inter-environmental-ltd,Kangda Int Environmental
2236,/equities/wison-engineering-services-ltd,Wison Engineering Services
1396,/equities/hydoo-intl,Hydoo Int
1240,/equities/cnqc-international-holdings,CNQC Int
8193,/equities/gc-pro-ser,GreaterChina Professional Services
538,/equities/ajisen-(china),Ajisen China Holdings
587,/equities/hua-han,Hua Han Health
906,/equities/cofco-packagin,CPMC Holdings Ltd
1345,/equities/pioneer-pharm,China Pioneer Pharma
433,/equities/north-mining,North Mining Shares
342,/equities/newocean-energ,Newocean Energy
603,/equities/china-oil---ga,China Oil and Gas
1509,/equities/harmonicare-medical-holdings,Harmonicare Medical Holdings
925,/equities/beijing-properties-holding-ltd,Beijing Properties
1358,/equities/pw-medtech,PW Medtech Group
8237,/equities/link-holdings-ltd,Link Holdings Ltd
726,/equities/china-minsheng-drawin,China Minsheng Drawin Tech
109,/equities/good-resources-holdings-ltd,Good Resources Holdings Ltd
750,/equities/singyes-solar,China Singyes Solar Tech
999,/equities/i.t,I.T. Limited
582,/equities/landing-intl,Landing Int Development
8261,/equities/haitian-hydro,Haitian Energy
1899,/equities/xingda-intl,Xingda Int
2389,/equities/beijing-enterprises-medical-health,Beijing Enterprises Medical Health
2222,/equities/nvc-lighting,NVC Lighting
2342,/equities/comba,Comba Telecom Systems
6878,/equities/differ-group-holding-co-ltd,Differ Holding Co
8099,/equities/china-wood-optimization,China Wood Optimization
3600,/equities/modern-dental-group,Modern Dental
1573,/equities/china-unienergy-group-ltd,China Unienergy
686,/equities/united-photovoltaics-group-ltd,United Photovoltaics Group Ltd
1194,/equities/c-preciousmeta,China Precious Metal Resources
232,/equities/avic-international-holding-hk,AVIC International Holding HK
985,/equities/cst-mining,NetMind
189,/equities/dongyue-group,Dongyue Group Ltd
2014,/equities/ozner-water,Ozner Water International
1023,/equities/sitoy-group-holdings-ltd,Sitoy Group Holdings Ltd
3336,/equities/ju-teng-intl,Ju Teng Int
1685,/equities/boer-power,Boer Power
743,/equities/asia-cement-ch,Asia Cement China
346,/equities/yanchang-petro,Yanchang Petroleum Int
102,/equities/summit-ascent,Summit Ascent
391,/equities/mei-ah-entertainment-group,Mei Ah Entertainment
8155,/equities/south-china-land-ltd,South China Assets
911,/equities/hang-fat-ginseng-holdings-co-ltd,Hang Fat Ginseng Hld
1700,/equities/springland,Springland Int
208,/equities/polytec-asset,Polytec Asset
8189,/equities/tianjin-teda-biomedical-engineering,Tianjin TEDA Biomedical Engineering
1314,/equities/tsui-wah-hldg,Tsui Wah
1415,/equities/cowell-e-holdings-inc,Cowell E Holdings Inc
8083,/equities/innovationpay,China Innovationpay
8326,/equities/jc-group-holdings-ltd,Tonking New Energy
434,/equities/boyaa-interactive-international-ltd,Boyaa Interactive Int
1275,/equities/new-cent-reit,New Cent Reit
543,/equities/pacific-online-ltd,Pacific Online Ltd
139,/equities/china-jinhai-international,Ch Soft Power
1371,/equities/china-lotsynergy-holdings-ltd,China LotSynergy Holdings Ltd
697,/equities/shougang-intl,Shougangncord Int Enterprises
190,/equities/hkc-(holdings),HKC Holdings
436,/equities/nu-international,New Universe Intl
3315,/equities/goldpac-group,Goldpac Group Ltd
184,/equities/keck-seng-investments-hong-kong-ltd,Keck Seng Investments HK
1555,/equities/mie-holdings,MIE Holdings Corp
1036,/equities/vanke-property-overseas-ltd,Vanke Property Overseas
8325,/equities/china-smartpay,China Smartpay
8090,/equities/chi-assurance,China Assurance Finance
8095,/equities/beijing-beida-jade-bird-universal,Beijing Beida Jade Bird Universal
8030,/equities/flying-financial-service-holdings,Flying Financial Service Holdings
1068,/equities/yurun-food,China Yurun Food
746,/equities/l---m-chemical,Lee &amp; Man Chemical
716,/equities/singamas-cont,Singamas Container
1431,/equities/yst-dairy,YuanShengTai Dairy Farm
829,/equities/shenguan-hldgs,Shenguan Group
825,/equities/nwds-china,New World Department Store China
3368,/equities/parkson-group,PARKSON Retail
1623,/equities/hilong,Hilong Holding
887,/equities/emperor-watch-,Emperor Watch &amp; Jewellery
210,/equities/daphne-int\'l,Daphne Int Holdings
1200,/equities/midland-holdin,Midland Holdings
1461,/equities/luzheng-futures-co-ltd,Luzheng Futures Co
8102,/equities/li-bao-ge-group-ltd,LI Bao Ge Group
2738,/equities/huajin-international-holdings-ltd,Huajin International
904,/equities/china-culiangwang-beverages,China Green Holdings
1338,/equities/bawang-group,BaWang Int
8246,/equities/northern-new-energy-hldg-ltd,Northern New Energy Hldg Ltd
1009,/equities/international-ent,International Entertainment
3337,/equities/anton-oilfield,Anton Oilfield Services
3823,/equities/tech-pro-technology-develop,Tech Pro Tech Develop
8260,/equities/zebra-strategic-holdings-ltd,Yin He Holdings
8295,/equities/asian-capital-holdings-ltd,Asian Capital Holdings
589,/equities/ports,Portico International
8077,/equities/kvb-kunlun-fg,KVB Kunlun Financial
1583,/equities/qinqin-foodstuffs-group-cayman-co-l,Qinqin Foodstuffs
1148,/equities/power-xinchen,Xinchen China Power
8007,/equities/digitalhongkon,Global Strategic
886,/equities/silver-base,Silver Base Group Holdings
3788,/equities/china-hanking-holdings-ltd,China Hanking Holdings
8267,/equities/linekong-interactive-group-co-ltd,Linekong Interactive Group Co Ltd
6866,/equities/zuoli-kechuang-micro-finance-co-ltd,Zuoli Kechuang Micro finance Co Ltd
8172,/equities/chinastarcmg,Lajin Entertainment
8311,/equities/perfect-optronics-ltd,Perfect Optronics Ltd
2789,/equities/yuanda-china,Yuanda China
1543,/equities/guangdong-join-share-guarantee,Guangdong Join-Share Guarantee Invest
348,/equities/haier-healthwise-holdings-ltd,Haier Healthwise Holdings
860,/equities/ming-fung-jewellery-group-ltd,O Luxe Holdings
8050,/equities/yunbo-digital,Yunbo Digital Synergy
769,/equities/china-rareeart,China Rare Earth
484,/equities/forgame,Forgame Holdings
3678,/equities/holly-futures-co-ltd,Holly Futures Co
8029,/equities/sun-international,Sun Int Resources
82,/equities/v1-group,V1 Group Ltd
196,/equities/honghua-group,Honghua Group Ltd
1063,/equities/suncorp-technologies-ltd,Suncorp Technologies Ltd
555,/equities/rexlot-holding,REXLot Holdings
1180,/equities/paradise-entertainment-ltd,Paradise Entertainment Ltd
8123,/equities/first-china-ne,First China Financial Network
1149,/equities/anxin-china,Anxin-China
1094,/equities/c-p-procuremen,China Public Procurement
1246,/equities/ngai-shun-holdings-ltd,Ngai Shun
809,/equities/global-bio-che,Global Bio-chem Tech
8250,/equities/chi-natural-in,Silk Road Energy
8075,/equities/media-asia,Media Asia
8011,/equities/polyard-petroleum-intl-group,Polyard Petroleum Intl Group
3313,/equities/artgo-holdings-ltd,Artgo Holdings Ltd
891,/equities/trinity,Trinity Ltd
1101,/equities/ch-rongsheng,China Huarong Energy
8097,/equities/pinestone-capital-ltd,Pinestone Capital
8195,/equities/l---a-international-holdings-ltd,L &amp; A International
8178,/equities/china-info-tec,China Information Tech
2211,/equities/jintian-pharm,Universal Health Int
1029,/equities/irc,IRC Ltd
8356,/equities/cnc-holdings,CNC Holdings Ltd
8153,/equities/code-agriculture-holdings,Code Agriculture
2289,/equities/chuangmei-pharmaceutical-co-ltd,Chuangmei Pharma
8049,/equities/jilin-changlon,Jilin Province Huinan Changlong
8117,/equities/chi-p-energy,China Primary Energy
8215,/equities/first-credit-finance-group,First Credit Finance
6880,/equities/tempus-holdings-ltd,Tempus Holdings Ltd
8280,/equities/china-digital-video-holdings-ltd,China Digital Video
444,/equities/sincere-watch-hong-kong-ltd,Sincere Watch Hong Kong
8125,/equities/kate-china-holdings-ltd,Kate China Holdings Ltd
8206,/equities/c-comm-tele-se,China Communication Telecom
8328,/equities/xinyi-automobile-glass-hong-kong-en,Xinyi Automobile Glass
8041,/equities/luxey-international-holdings-ltd,Luxey International Holdings Ltd
8232,/equities/classified-group-holdings-ltd,Classified
8147,/equities/millennium-pacific-group-holdings,Millennium Pacific Group Holdings
1035,/equities/bbi-life-sciences-corp,BBI Life Sciences
8175,/equities/c-digital-cul,China Digital Culture
8088,/equities/aid-partners-capital-hld,AID Partners Tech
1143,/equities/china-healthcare-enterprise-group-l,China Healthcare Enterprise
73,/equities/asian-citrus,Asian Citrus
8198,/equities/melcolot,MelcoLot Ltd
8046,/equities/heng-xin-china,Heng Xin China
8132,/equities/chinaoilgangra,China Oil Gangran Energy
8143,/equities/hua-xia-health,Hua Xia Healthcare Holdings
8130,/equities/zhi-cheng-holdings-ltd,Zhi Cheng
8128,/equities/c-g-source-eng,China Ground Source Energy
1251,/equities/spt-energy,SPT Energy Inc
8156,/equities/china-vanguard-group-ltd,China Vanguard Group Ltd
8108,/equities/grand-peace,Grand Peace Group
8105,/equities/synergy-group-holdings-internation,Synergy Group Holdings Internation
269,/equities/crtg,China Resources &amp; Transportation
8020,/equities/chanceton-fin,Chanceton Financial
8171,/equities/china-trends-holdings-ltd,China Trends Holdings
8055,/equities/chi-e-learning,China E-Learning
8315,/equities/king-force-security-holdings-ltd,King Force
8218,/equities/echo-international-holdings-group,Echo International Holdings Group
499,/equities/qingdao-holdings-international-ltd,Qingdao Holdings International Ltd
183,/equities/winfull-group-holdings-ltd,Winfull Group Holdings Ltd
682,/equities/chaoda-modern-agriculture-hldg,Chaoda Modern Agriculture
703,/equities/future-bright-holdings,Future Bright
8337,/equities/directel-holdings-ltd,Directel
1556,/equities/chinney-kin-wing-holdings-ltd,Chinney Kin Wing Holdings Ltd
8166,/equities/china-eco-farm,China Eco-Farming
8085,/equities/hk-life-sci,Hong Kong Life Sciences &amp; Tech
8228,/equities/national-arts,National Arts Entertainment
724,/equities/ruixin-international-holdings-ltd,Ruixin Intl
8140,/equities/ico-group-ltd,ICO Group Ltd
893,/equities/chinavtm-minin,China Vanadium Titano-Magnetite
8116,/equities/c-fortune-inv,China Fortune Investments
1612,/equities/vincent-medical-holdings-ltd,Vincent Medical
442,/equities/ktl-international-holdings-group-lt,KTL International Holdings Group Lt
8019,/equities/hao-wen-hldgs,Hao Wen Holdings
1560,/equities/star-properties-group-(cayman-islan,Star Properties
8220,/equities/bingo-group,Bingo Holdings
1733,/equities/winsway,Winsway Enterprises
8351,/equities/larry-jewelry,Larry Jewelry Intl
2178,/equities/petro-king,Petro-king Oilfield Services
1523,/equities/plover-bay-technologies-ltd,Plover Bay Tech
1586,/equities/china-leon-inspection-holding-ltd,China Leon Inspection
1106,/equities/sino-haijing-holdings-ltd,Sino Haijing Holdings Ltd
8089,/equities/chinese-strategic-holdings-ltd,Chinese Strategic
8271,/equities/gdc,Global Digital Creations
575,/equities/regent-pacific-group,Regent Pacific
2133,/equities/china-polymetaliic-mining,China Polymetalic
1495,/equities/jiyi-household-international-holdin,Jiyi Household International Holdin
1393,/equities/hidili-industr,Hidili Industry Int Develop
8300,/equities/royal-catering-group-holdings,Royal Catering Group
8333,/equities/astrum-financial-holdings-ltd,Astrum Financial
8269,/equities/wealth-glory,Wealth Glory
8081,/equities/cmg-cul-inv,China Cultural Tech Inv
8009,/equities/chi-engy-hold,Chinese Energy
8001,/equities/orient-securities-int-hld,Orient Securities Int
8059,/equities/glory-flame-holdings-ltd,Glory Flame
8150,/equities/seamless-green,Seamless Green China
8266,/equities/gold-tat-gp,Gold Tat Group Int
8071,/equities/ch-netcomtech,China Netcom Tech
276,/equities/mongolia-energ,Mongolia Energy
8129,/equities/ch-bio-cassava,China Bio Cassava
8192,/equities/global-energy,Global Energy Resources
8239,/equities/capital-fin,Capital Finance
8186,/equities/ir-resources,Ir Resources
8145,/equities/telecom-service-one-holdings-ltd,Telecom Service One Holdings Ltd
8086,/equities/dx.com-holding,DX.com Holdings
8072,/equities/roma-group-new,Roma Group Ltd
8066,/equities/phoenitron-hol,Phoenitron
8079,/equities/unlimited-creativity-holdings,Easy Repay Finance &amp; Investment
8201,/equities/pps-international-holdings,PPS Int
8270,/equities/china-cbm,China CBM Co
8251,/equities/aplus-group-holdings-ltd,APlus Group
8047,/equities/sky-forever,Sky Forever Supply Chain Management
8109,/equities/creative-energy-solutions,Kirin Group
8003,/equities/great-world,Great World Company Holdings
8203,/equities/kaisun-energy,Kaisun Energy
1046,/equities/universe-international-holding,Universe Int
8182,/equities/china-candy-holdings-ltd,China Candy Holdings Ltd
8100,/equities/get-holdings,GET Holdings
8179,/equities/gayety-hldgs,Food Idea Holdings
8018,/equities/finsoft-corp,Finsoft Financial
8006,/equities/sino-splendid,Sino Splendid
8202,/equities/inno-tech-hold,Inno-Tech
8272,/equities/chinese-food-and-beverage-group-ltd,Chinese Food Beverage
2848,/equities/db-x-trackers-msci-korea-trn,db x-trackers MSCI Korea TRN
8386,/equities/l-a-international-holdings-ltd,L &amp; A Intl
2980,/equities/cmmb-vision-holdings-ltd,CMMB Vision
2986,/equities/enterprise-development-holdings-ltd,Enterprise Development
1606,/equities/china-development-bank-financial-le,China Development Bank
8281,/equities/china-golden-classic-group-ltd,China Golden Classic
778,/equities/fortune-reit,Fortune REIT
2888,/equities/standard-chartered,Standard Chartered
8382,/equities/haitian-hydropower-international-lt,Haitian Hydropower International Ltd
8385,/equities/ir-resources-ltd-hk,Ir Resources
8387,/equities/food-idea-holdings-ltd,Food Idea
3958,/equities/orient-securities-co-h,Orient Securities H
8229,/equities/future-data-group-ltd,Future Data
8388,/equities/jete-power-holdings-ltd,Jete Power
